	fc	fl	pl
fc		0.123319	0.103667
fl			0.14075
