	lc	fl	pl
lc		0.104203	0.0758352
fl			0.116722
